classification,path,exists,references_total,reason
CONNECTED_SUPPORT,"app/api/eldora_core_runtime.py",True,4,"referenced by app code: 3"
CONNECTED_SUPPORT,"app/api/eldora_core_runtime.py.bak_p449d",True,1,"referenced by app code: 1"
DANGEROUS_TO_TOUCH,"app/api/whatsapp.py",True,144,"runtime/router/provider/forensic marker"
DANGEROUS_TO_TOUCH,"app/api/whatsapp.py.bak_p449c_fix2",True,2,"runtime/router/provider/forensic marker"
ACTIVE_CORE,"app/companionship/self_reflection_engine.py",True,1,"matches cognition/runtime core marker"
CONNECTED_SUPPORT,"app/context_runtime/__init__.py",True,94,"referenced by app code: 94"
CONNECTED_SUPPORT,"app/context_runtime/p19p28_context.py",True,2,"referenced by app code: 2"
ACTIVE_CORE,"app/domains/__init__.py",True,95,"matches cognition/runtime core marker"
ACTIVE_CORE,"app/domains/fitness_runtime.py",True,3,"matches cognition/runtime core marker"
CONNECTED_SUPPORT,"app/eldora/core/agent_orchestrator.py",True,4,"referenced by app code: 3"
DANGEROUS_TO_TOUCH,"app/eldora/core/audit_ledger.py",True,2,"runtime/router/provider/forensic marker"
DANGEROUS_TO_TOUCH,"app/eldora/core/distributed_runtime.py",True,6,"runtime/router/provider/forensic marker"
DANGEROUS_TO_TOUCH,"app/eldora/core/distributed_runtime_state.py",True,3,"runtime/router/provider/forensic marker"
DANGEROUS_TO_TOUCH,"app/eldora/core/event_bus.py",True,2,"runtime/router/provider/forensic marker"
CONNECTED_SUPPORT,"app/eldora/core/predictive_simulation_engine.py",True,3,"referenced by app code: 2"
CONNECTED_SUPPORT,"app/eldora/core/task_engine.py",True,2,"referenced by app code: 1"
DANGEROUS_TO_TOUCH,"app/embedding/provider.py",True,53,"runtime/router/provider/forensic marker"
CONNECTED_SUPPORT,"app/humanization/universal_recovery_runtime.py",True,11,"referenced by app code: 10"
DANGEROUS_TO_TOUCH,"app/main.py.bak_p4_46x",True,1,"runtime/router/provider/forensic marker"
ACTIVE_CORE,"app/main_core.py",True,0,"matches cognition/runtime core marker"
CONNECTED_SUPPORT,"app/mind/p5_5v_pedigree_extractor/extractor.py",True,23,"referenced by app code: 19"
CONNECTED_SUPPORT,"app/p10_activation_stack/",True,2,"referenced by app code: 1"
CONNECTED_SUPPORT,"app/p10_activation_stack/__init__.py",True,94,"referenced by app code: 93"
CONNECTED_SUPPORT,"app/p10_activation_stack/activation_policy.py",True,2,"referenced by app code: 1"
CONNECTED_SUPPORT,"app/p10_activation_stack/certification.py",True,20,"referenced by app code: 7"
CONNECTED_SUPPORT,"app/p10_activation_stack/controlled_consumption.py",True,2,"referenced by app code: 1"
CONNECTED_SUPPORT,"app/p10_activation_stack/observability.py",True,2,"referenced by app code: 2"
LEGACY_REVIEW,"app/p10_activation_stack/risk_governance.py",True,1,"referenced by tests only: 1"
CONNECTED_SUPPORT,"app/p10_activation_stack/rollback.py",True,16,"referenced by app code: 8"
LEGACY_REVIEW,"app/p12_cloud_export_verification_ledger/",True,1,"referenced by tests only: 1"
CONNECTED_SUPPORT,"app/p12_cloud_export_verification_ledger/engine.py",True,158,"referenced by app code: 75"
CONNECTED_SUPPORT,"app/p16_real_use_case/",True,14,"referenced by app code: 6"
CONNECTED_SUPPORT,"app/p16_real_use_case/__init__.py",True,106,"referenced by app code: 98"
CONNECTED_SUPPORT,"app/p16_real_use_case/controlled_response_shadow.py",True,2,"referenced by app code: 1"
CONNECTED_SUPPORT,"app/p16_real_use_case/internal_only_consumption.py",True,2,"referenced by app code: 1"
CONNECTED_SUPPORT,"app/p16_real_use_case/limited_response_awareness.py",True,3,"referenced by app code: 2"
CONNECTED_SUPPORT,"app/p16_real_use_case/limited_response_modification.py",True,3,"referenced by app code: 2"
LEGACY_REVIEW,"app/p16_real_use_case/real_use_case_runner.py",True,1,"referenced by tests only: 1"
LEGACY_REVIEW,"app/p16_real_use_case/response_awareness_quality.py",True,1,"referenced by tests only: 1"
CONNECTED_SUPPORT,"app/p16_real_use_case/response_modification_safety_gate.py",True,2,"referenced by app code: 1"
LEGACY_REVIEW,"app/p16_real_use_case/response_shadow_observation.py",True,1,"referenced by tests only: 1"
CONNECTED_SUPPORT,"app/p17_value_proof/",True,5,"referenced by app code: 2"
CONNECTED_SUPPORT,"app/p17_value_proof/__init__.py",True,97,"referenced by app code: 94"
CONNECTED_SUPPORT,"app/p17_value_proof/eldora_human_review.py",True,2,"referenced by app code: 1"
CONNECTED_SUPPORT,"app/p17_value_proof/eldora_value_proof.py",True,2,"referenced by app code: 1"
LEGACY_REVIEW,"app/p17_value_proof/review_decision_aggregation.py",True,1,"referenced by tests only: 1"
LEGACY_REVIEW,"app/p17x_causality_research_runtime/",True,1,"referenced by tests only: 1"
CONNECTED_SUPPORT,"app/p17x_causality_research_runtime/engine.py",True,158,"referenced by app code: 75"
CONNECTED_SUPPORT,"app/p18_conversational_execution/",True,13,"referenced by app code: 6"
CONNECTED_SUPPORT,"app/p18_conversational_execution/__init__.py",True,105,"referenced by app code: 98"
CONNECTED_SUPPORT,"app/p18_conversational_execution/context_guard.py",True,2,"referenced by app code: 1"
LEGACY_REVIEW,"app/p18_conversational_execution/failure_fixes.py",True,1,"referenced by tests only: 1"
CONNECTED_SUPPORT,"app/p18_conversational_execution/intent_router.py",True,5,"referenced by app code: 4"
LEGACY_REVIEW,"app/p18_conversational_execution/internal_pilot.py",True,1,"referenced by tests only: 1"
LEGACY_REVIEW,"app/p18_conversational_execution/pilot_flags.py",True,1,"referenced by tests only: 1"
CONNECTED_SUPPORT,"app/p18_conversational_execution/response_executor.py",True,5,"referenced by app code: 3"
CONNECTED_SUPPORT,"app/p18_conversational_execution/runtime_hook.py",True,3,"referenced by app code: 1"
CONNECTED_SUPPORT,"app/p18_conversational_execution/selection_gate.py",True,2,"referenced by app code: 1"
CONNECTED_SUPPORT,"app/p18_conversational_execution/shadow_diff.py",True,3,"referenced by app code: 2"
LEGACY_REVIEW,"app/p19_real_world_validation/",True,2,"referenced by tests only: 2"
CONNECTED_SUPPORT,"app/p19_real_world_validation/__init__.py",True,94,"referenced by app code: 92"
DANGEROUS_TO_TOUCH,"app/p19_real_world_validation/whatsapp_real_traffic_eval.py",True,2,"runtime/router/provider/forensic marker"
CONNECTED_SUPPORT,"app/p7_adapters/",True,3,"referenced by app code: 2"
CONNECTED_SUPPORT,"app/p7_adapters/__init__.py",True,95,"referenced by app code: 94"
CONNECTED_SUPPORT,"app/p7_adapters/hierarchical_contracts.py",True,2,"referenced by app code: 1"
CONNECTED_SUPPORT,"app/p7_adapters/hierarchical_planner_adapter.py",True,2,"referenced by app code: 1"
CONNECTED_SUPPORT,"app/p7_adapters/oversight_contracts.py",True,2,"referenced by app code: 1"
LEGACY_REVIEW,"app/p7_adapters/oversight_shadow_adapter.py",True,1,"referenced by tests only: 1"
CONNECTED_SUPPORT,"app/p8_shadow/",True,12,"referenced by app code: 7"
CONNECTED_SUPPORT,"app/p8_shadow/__init__.py",True,103,"referenced by app code: 98"
CONNECTED_SUPPORT,"app/p8_shadow/diff_engine.py",True,2,"referenced by app code: 1"
CONNECTED_SUPPORT,"app/p8_shadow/feature_flags.py",True,8,"referenced by app code: 5"
CONNECTED_SUPPORT,"app/p8_shadow/planner_active_policy.py",True,2,"referenced by app code: 1"
CONNECTED_SUPPORT,"app/p8_shadow/planner_consumption_contract.py",True,2,"referenced by app code: 1"
CONNECTED_SUPPORT,"app/p8_shadow/planner_sandbox.py",True,2,"referenced by app code: 1"
CONNECTED_SUPPORT,"app/p8_shadow/real_planner.py",True,5,"referenced by app code: 4"
LEGACY_REVIEW,"app/p8_shadow/shadow_hooks.py",True,1,"referenced by tests only: 1"
CONNECTED_SUPPORT,"app/p8_shadow/telemetry.py",True,20,"referenced by app code: 13"
CONNECTED_SUPPORT,"app/p9_runtime_consumption/",True,5,"referenced by app code: 4"
CONNECTED_SUPPORT,"app/p9_runtime_consumption/__init__.py",True,97,"referenced by app code: 96"
CONNECTED_SUPPORT,"app/p9_runtime_consumption/consumption_gate.py",True,2,"referenced by app code: 1"
CONNECTED_SUPPORT,"app/p9_runtime_consumption/context_bridge.py",True,2,"referenced by app code: 1"
CONNECTED_SUPPORT,"app/p9_runtime_consumption/observability.py",True,2,"referenced by app code: 2"
CONNECTED_SUPPORT,"app/p9_runtime_consumption/parity.py",True,3,"referenced by app code: 2"
CONNECTED_SUPPORT,"app/p9_runtime_consumption/planner_injection.py",True,2,"referenced by app code: 1"
DANGEROUS_TO_TOUCH,"app/retrieval/semantic_provider.py",True,6,"runtime/router/provider/forensic marker"
ACTIVE_CORE,"app/runtime/automotive_domain_guard.py",True,1,"matches cognition/runtime core marker"
CONNECTED_SUPPORT,"app/runtime/automotive_execution_bias_guard.py",True,2,"referenced by app code: 1"
CONNECTED_SUPPORT,"app/runtime/automotive_part_purchase_guard.py",True,2,"referenced by app code: 1"
LEGACY_REVIEW,"app/runtime/capability_orchestrator.py",True,3,"referenced by tests only: 3"
LEGACY_REVIEW,"app/runtime/capability_reconstruction_planner.py",True,1,"referenced by tests only: 1"
LEGACY_REVIEW,"app/runtime/capability_recovery_bridge.py",True,1,"referenced by tests only: 1"
LEGACY_REVIEW,"app/runtime/capability_usage_ledger.py",True,1,"referenced by tests only: 1"
DANGEROUS_TO_TOUCH,"app/runtime/cognitive_pipeline.py",True,15,"runtime/router/provider/forensic marker"
LEGACY_REVIEW,"app/runtime/drive_batch_processor.py",True,1,"referenced by tests only: 1"
CONNECTED_SUPPORT,"app/runtime/drive_capability_absorption.py",True,2,"referenced by app code: 1"
CONNECTED_SUPPORT,"app/runtime/drive_processed_queue.py",True,2,"referenced by app code: 1"
ORPHAN_CANDIDATE,"app/runtime/fix11k_probe.py",True,0,"no references found"
CONNECTED_SUPPORT,"app/runtime/followup_unified_resolver.py",True,1,"referenced by app code: 1"
DANGEROUS_TO_TOUCH,"app/runtime/forensic_bootstrap.py",True,1,"runtime/router/provider/forensic marker"
DANGEROUS_TO_TOUCH,"app/runtime/forensic_trace.py",True,3,"runtime/router/provider/forensic marker"
ACTIVE_CORE,"app/runtime/generic_topic_memory_engine.py",True,4,"matches cognition/runtime core marker"
LEGACY_REVIEW,"app/runtime/knowledge_extraction_engine.py",True,2,"referenced by tests only: 2"
CONNECTED_SUPPORT,"app/runtime/level_a_cognitive_shadow.py",True,1,"referenced by app code: 1"
CONNECTED_SUPPORT,"app/runtime/level_b_dynamic_composer.py",True,1,"referenced by app code: 1"
CONNECTED_SUPPORT,"app/runtime/level_b_shadow_runtime.py",True,1,"referenced by app code: 1"
ACTIVE_CORE,"app/runtime/memory_adapter.py",True,4,"matches cognition/runtime core marker"
LEGACY_REVIEW,"app/runtime/memory_quarantine_manifest.json",True,1,"referenced by tests only: 1"
ACTIVE_CORE,"app/runtime/memory_store.py",True,10,"matches cognition/runtime core marker"
CONNECTED_SUPPORT,"app/runtime/mind_state_visible_context.py",True,3,"referenced by app code: 3"
ORPHAN_CANDIDATE,"app/runtime/p19_unified_pipeline.py",True,0,"no references found"
LEGACY_REVIEW,"app/runtime/p19p3_safe_runtime_hook.py",True,1,"referenced by tests only: 1"
CONNECTED_SUPPORT,"app/runtime/p2071_2080_realtime_paper_runtime.py",True,4,"referenced by app code: 2"
CONNECTED_SUPPORT,"app/runtime/p2071_2080_realtime_paper_runtime.py.bak_P2071_2080B_20260618_063050",True,2,"referenced by app code: 2"
CONNECTED_SUPPORT,"app/runtime/p2081_2090_realtime_portfolio_governance.py",True,3,"referenced by app code: 2"
CONNECTED_SUPPORT,"app/runtime/p2091_2100_realtime_intelligence_layer.py",True,3,"referenced by app code: 2"
CONNECTED_SUPPORT,"app/runtime/p2101_2110_autonomous_paper_operations.py",True,3,"referenced by app code: 2"
CONNECTED_SUPPORT,"app/runtime/p2111_2120_maximum_technical_capacity.py",True,2,"referenced by app code: 1"
LEGACY_REVIEW,"app/runtime/p2121_plus_continuous_max_capacity_audit.py",True,1,"referenced by tests only: 1"
LEGACY_REVIEW,"app/runtime/p2131_2150_ftmo_paper_compliance_assurance.py",True,1,"referenced by tests only: 1"
LEGACY_REVIEW,"app/runtime/p2151_plus_readiness_dossier_gate_review.py",True,1,"referenced by tests only: 1"
ORPHAN_CANDIDATE,"app/runtime/p2161_2220_full_governance_system.py",True,0,"no references found"
LEGACY_REVIEW,"app/runtime/p2223_broker_emulator.py",True,1,"referenced by tests only: 1"
LEGACY_REVIEW,"app/runtime/p2224_2226_institutional_core.py",True,1,"referenced by tests only: 1"
LEGACY_REVIEW,"app/runtime/p2227_2229_advanced_layer.py",True,1,"referenced by tests only: 1"
LEGACY_REVIEW,"app/runtime/ready_capability_bridge.py",True,1,"referenced by tests only: 1"
CONNECTED_SUPPORT,"app/runtime/universal_capability_registry.json",True,2,"referenced by app code: 1"
DANGEROUS_TO_TOUCH,"app/runtime/whatsapp_final_output_guard.py",True,6,"runtime/router/provider/forensic marker"
CONNECTED_SUPPORT,"tests/institutional/",True,47,"referenced by app code: 1"
LEGACY_REVIEW,"tests/institutional/test_p1901_depth_audit.py",True,0,"test file without app reference"
DANGEROUS_TO_TOUCH,"tests/institutional/test_p1901h3_live_risk_forensics.py",True,0,"runtime/router/provider/forensic marker"
LEGACY_REVIEW,"tests/institutional/test_p1901h_capability_discovery.py",True,0,"test file without app reference"
LEGACY_REVIEW,"tests/institutional/test_p1901i_module_registry.py",True,0,"test file without app reference"
LEGACY_REVIEW,"tests/institutional/test_p1901j_runtime_graph.py",True,0,"test file without app reference"
LEGACY_REVIEW,"tests/institutional/test_p1901k_capability_map_v2.py",True,0,"test file without app reference"
LEGACY_REVIEW,"tests/institutional/test_p1901l_institutional_rescoring.py",True,0,"test file without app reference"
LEGACY_REVIEW,"tests/institutional/test_p1902a_data_density_baseline.py",True,0,"test file without app reference"
LEGACY_REVIEW,"tests/institutional/test_p1902b_dataset_canonicalization.py",True,0,"test file without app reference"
LEGACY_REVIEW,"tests/institutional/test_p1902c_data_quality_coverage.py",True,0,"test file without app reference"
LEGACY_REVIEW,"tests/institutional/test_p1902d1_coverage_matrix_audit.py",True,0,"test file without app reference"
LEGACY_REVIEW,"tests/institutional/test_p1902d2_unified_coverage_matrix.py",True,0,"test file without app reference"
LEGACY_REVIEW,"tests/institutional/test_p1902d_data_coverage_matrix.py",True,0,"test file without app reference"
LEGACY_REVIEW,"tests/institutional/test_p1902e_coverage_expansion_planner.py",True,0,"test file without app reference"
LEGACY_REVIEW,"tests/institutional/test_p1902f_data_acquisition_engine.py",True,0,"test file without app reference"
LEGACY_REVIEW,"tests/institutional/test_p1902g_source_validation_engine.py",True,0,"test file without app reference"
LEGACY_REVIEW,"tests/institutional/test_p1902h_mass_normalization_plan.py",True,0,"test file without app reference"
LEGACY_REVIEW,"tests/institutional/test_p1902i_historical_density_rebuild_plan.py",True,0,"test file without app reference"
LEGACY_REVIEW,"tests/institutional/test_p1902j_execution_readiness_gate.py",True,0,"test file without app reference"
LEGACY_REVIEW,"tests/institutional/test_p1902k_dry_run_execution_simulator.py",True,0,"test file without app reference"
LEGACY_REVIEW,"tests/institutional/test_p1902l_safe_execution_controller.py",True,0,"test file without app reference"
LEGACY_REVIEW,"tests/institutional/test_p1903a_real_event_memory_schema.py",True,0,"test file without app reference"
LEGACY_REVIEW,"tests/institutional/test_p1903b_event_source_registry.py",True,0,"test file without app reference"
LEGACY_REVIEW,"tests/institutional/test_p1903c_event_ingestion_plan.py",True,0,"test file without app reference"
LEGACY_REVIEW,"tests/institutional/test_p1903d_j_event_memory_package.py",True,0,"test file without app reference"
LEGACY_REVIEW,"tests/institutional/test_p1904a_j_regime_discovery_package.py",True,0,"test file without app reference"
LEGACY_REVIEW,"tests/institutional/test_p1905a_j_multi_asset_package.py",True,0,"test file without app reference"
LEGACY_REVIEW,"tests/institutional/test_p1906a_j_feature_explosion_package.py",True,0,"test file without app reference"
LEGACY_REVIEW,"tests/institutional/test_p1907a_j_causality_package.py",True,0,"test file without app reference"
LEGACY_REVIEW,"tests/institutional/test_p1908a_j_market_memory_v2_package.py",True,0,"test file without app reference"
LEGACY_REVIEW,"tests/institutional/test_p1909a_j_specialist_evolution_package.py",True,0,"test file without app reference"
LEGACY_REVIEW,"tests/institutional/test_p2000_real_depth_program.py",True,0,"test file without app reference"
LEGACY_REVIEW,"tests/institutional/test_p2001_data_expansion_controlled_executor.py",True,0,"test file without app reference"
LEGACY_REVIEW,"tests/institutional/test_p2001b_source_connector_probe.py",True,0,"test file without app reference"
LEGACY_REVIEW,"tests/institutional/test_p2001c_connector_detail_audit.py",True,0,"test file without app reference"
LEGACY_REVIEW,"tests/institutional/test_p2001d_zero_write_sample_builder.py",True,0,"test file without app reference"
LEGACY_REVIEW,"tests/institutional/test_p2001e_connector_dry_run_detail.py",True,0,"test file without app reference"
LEGACY_REVIEW,"tests/institutional/test_p2001f_manual_download_unlock_gate.py",True,0,"test file without app reference"
LEGACY_REVIEW,"tests/institutional/test_p2001g_j_controlled_data_execution_package.py",True,0,"test file without app reference"
LEGACY_REVIEW,"tests/institutional/test_p2002a_j_real_event_ingestion_package.py",True,0,"test file without app reference"
LEGACY_REVIEW,"tests/institutional/test_p2003a_j_real_feature_computation_package.py",True,0,"test file without app reference"
LEGACY_REVIEW,"tests/institutional/test_p2004a_j_real_regime_discovery_package.py",True,0,"test file without app reference"
LEGACY_REVIEW,"tests/institutional/test_p2005a_j_real_memory_construction_package.py",True,0,"test file without app reference"
LEGACY_REVIEW,"tests/institutional/test_p2006a_j_real_specialist_evolution_package.py",True,0,"test file without app reference"
LEGACY_REVIEW,"tests/institutional/test_p2007_real_depth_readiness_audit.py",True,0,"test file without app reference"
CONNECTED_SUPPORT,"tests/modules/",True,110,"referenced by app code: 42"
DANGEROUS_TO_TOUCH,"tests/modules/test_p449c_whatsapp_live_hook.py",True,0,"runtime/router/provider/forensic marker"
LEGACY_REVIEW,"tests/modules/test_p449d_eldora_core_hook.py",True,0,"test file without app reference"
LEGACY_REVIEW,"tests/modules/test_p449e_supabase_live_hook.py",True,0,"test file without app reference"
LEGACY_REVIEW,"tests/modules/test_p449f_drive_live_hook.py",True,0,"test file without app reference"
LEGACY_REVIEW,"tests/modules/test_p449g_live_integration_certification.py",True,0,"test file without app reference"
LEGACY_REVIEW,"tests/modules/test_usde_ai_feynman_adapter.py",True,0,"test file without app reference"
LEGACY_REVIEW,"tests/modules/test_usde_auto_hypothesis_generator.py",True,0,"test file without app reference"
LEGACY_REVIEW,"tests/modules/test_usde_automl_engine.py",True,0,"test file without app reference"
LEGACY_REVIEW,"tests/modules/test_usde_autonomous_discovery_loop.py",True,0,"test file without app reference"
LEGACY_REVIEW,"tests/modules/test_usde_autonomous_pipeline.py",True,0,"test file without app reference"
LEGACY_REVIEW,"tests/modules/test_usde_background_service.py",True,0,"test file without app reference"
LEGACY_REVIEW,"tests/modules/test_usde_baseline_engine.py",True,0,"test file without app reference"
LEGACY_REVIEW,"tests/modules/test_usde_complexity_engine.py",True,0,"test file without app reference"
LEGACY_REVIEW,"tests/modules/test_usde_core_backend.py",True,0,"test file without app reference"
ACTIVE_CORE,"tests/modules/test_usde_cross_domain_transfer_learning.py",True,0,"matches cognition/runtime core marker"
LEGACY_REVIEW,"tests/modules/test_usde_dataset_registry.py",True,0,"test file without app reference"
LEGACY_REVIEW,"tests/modules/test_usde_decision_engine.py",True,0,"test file without app reference"
LEGACY_REVIEW,"tests/modules/test_usde_decision_registry.py",True,0,"test file without app reference"
LEGACY_REVIEW,"tests/modules/test_usde_drive_scientific_ingestion.py",True,0,"test file without app reference"
LEGACY_REVIEW,"tests/modules/test_usde_eldora_runtime_integration.py",True,0,"test file without app reference"
LEGACY_REVIEW,"tests/modules/test_usde_ensemble_evolution_engine.py",True,0,"test file without app reference"
LEGACY_REVIEW,"tests/modules/test_usde_evidence_engine.py",True,0,"test file without app reference"
LEGACY_REVIEW,"tests/modules/test_usde_evidence_registry.py",True,0,"test file without app reference"
LEGACY_REVIEW,"tests/modules/test_usde_experiment_queue.py",True,0,"test file without app reference"
LEGACY_REVIEW,"tests/modules/test_usde_experiment_registry.py",True,0,"test file without app reference"
LEGACY_REVIEW,"tests/modules/test_usde_experiment_runner.py",True,0,"test file without app reference"
LEGACY_REVIEW,"tests/modules/test_usde_full_runtime_certification.py",True,0,"test file without app reference"
LEGACY_REVIEW,"tests/modules/test_usde_graph_engine.py",True,0,"test file without app reference"
LEGACY_REVIEW,"tests/modules/test_usde_hypothesis_registry.py",True,0,"test file without app reference"
LEGACY_REVIEW,"tests/modules/test_usde_information_theory_engine.py",True,0,"test file without app reference"
LEGACY_REVIEW,"tests/modules/test_usde_ingestors.py",True,0,"test file without app reference"
LEGACY_REVIEW,"tests/modules/test_usde_ledger.py",True,0,"test file without app reference"
LEGACY_REVIEW,"tests/modules/test_usde_live_bridge.py",True,0,"test file without app reference"
LEGACY_REVIEW,"tests/modules/test_usde_markov_engine.py",True,0,"test file without app reference"
LEGACY_REVIEW,"tests/modules/test_usde_meta_learning_engine.py",True,0,"test file without app reference"
LEGACY_REVIEW,"tests/modules/test_usde_monte_carlo_engine.py",True,0,"test file without app reference"
LEGACY_REVIEW,"tests/modules/test_usde_monte_carlo_service.py",True,0,"test file without app reference"
LEGACY_REVIEW,"tests/modules/test_usde_physics_engine.py",True,0,"test file without app reference"
LEGACY_REVIEW,"tests/modules/test_usde_red_team_engine.py",True,0,"test file without app reference"
LEGACY_REVIEW,"tests/modules/test_usde_red_team_service.py",True,0,"test file without app reference"
LEGACY_REVIEW,"tests/modules/test_usde_run_file_route.py",True,0,"test file without app reference"
LEGACY_REVIEW,"tests/modules/test_usde_runtime_binding.py",True,0,"test file without app reference"
LEGACY_REVIEW,"tests/modules/test_usde_runtime_execute_route.py",True,0,"test file without app reference"
LEGACY_REVIEW,"tests/modules/test_usde_runtime_health_monitor.py",True,0,"test file without app reference"
LEGACY_REVIEW,"tests/modules/test_usde_runtime_integration_binder.py",True,0,"test file without app reference"
LEGACY_REVIEW,"tests/modules/test_usde_runtime_metrics.py",True,0,"test file without app reference"
LEGACY_REVIEW,"tests/modules/test_usde_runtime_orchestrator.py",True,0,"test file without app reference"
LEGACY_REVIEW,"tests/modules/test_usde_runtime_route.py",True,0,"test file without app reference"
LEGACY_REVIEW,"tests/modules/test_usde_scheduler_runtime.py",True,0,"test file without app reference"
LEGACY_REVIEW,"tests/modules/test_usde_science_route.py",True,0,"test file without app reference"
LEGACY_REVIEW,"tests/modules/test_usde_scientific_evidence_service.py",True,0,"test file without app reference"
LEGACY_REVIEW,"tests/modules/test_usde_scientific_governance_engine.py",True,0,"test file without app reference"
LEGACY_REVIEW,"tests/modules/test_usde_scientific_knowledge_graph.py",True,0,"test file without app reference"
LEGACY_REVIEW,"tests/modules/test_usde_scientific_knowledge_sync.py",True,0,"test file without app reference"
LEGACY_REVIEW,"tests/modules/test_usde_scientific_ledger.py",True,0,"test file without app reference"
LEGACY_REVIEW,"tests/modules/test_usde_scientific_memory.py",True,0,"test file without app reference"
LEGACY_REVIEW,"tests/modules/test_usde_scientific_os.py",True,0,"test file without app reference"
LEGACY_REVIEW,"tests/modules/test_usde_scientific_pipeline.py",True,0,"test file without app reference"
LEGACY_REVIEW,"tests/modules/test_usde_sindy_engine.py",True,0,"test file without app reference"
LEGACY_REVIEW,"tests/modules/test_usde_supabase_scientific_memory.py",True,0,"test file without app reference"
LEGACY_REVIEW,"tests/modules/test_usde_symbolic_regression_engine.py",True,0,"test file without app reference"
LEGACY_REVIEW,"tests/modules/test_usde_tda_engine.py",True,0,"test file without app reference"
LEGACY_REVIEW,"tests/modules/test_usde_test_monitor.py",True,0,"test file without app reference"
LEGACY_REVIEW,"tests/modules/test_usde_theorem_engine.py",True,0,"test file without app reference"
LEGACY_REVIEW,"tests/modules/test_usde_universal_discovery_runtime.py",True,0,"test file without app reference"
LEGACY_REVIEW,"tests/modules/test_usde_walk_forward_engine.py",True,0,"test file without app reference"
LEGACY_REVIEW,"tests/modules/test_usde_walk_forward_service.py",True,0,"test file without app reference"
LEGACY_REVIEW,"tests/test_hierarchical_planner_contract.py",True,0,"test file without app reference"
LEGACY_REVIEW,"tests/test_hierarchical_planner_shadow_adapter.py",True,0,"test file without app reference"
LEGACY_REVIEW,"tests/test_oversight_contract.py",True,1,"referenced by tests only: 1"
LEGACY_REVIEW,"tests/test_oversight_shadow_adapter.py",True,0,"test file without app reference"
LEGACY_REVIEW,"tests/test_p10_to_p15_activation_stack.py",True,0,"test file without app reference"
LEGACY_REVIEW,"tests/test_p122_cloud_export_verification_ledger.py",True,0,"test file without app reference"
LEGACY_REVIEW,"tests/test_p16a_real_use_case_consumption.py",True,0,"test file without app reference"
LEGACY_REVIEW,"tests/test_p16b_internal_only_consumption.py",True,0,"test file without app reference"
LEGACY_REVIEW,"tests/test_p16c_limited_response_awareness.py",True,0,"test file without app reference"
LEGACY_REVIEW,"tests/test_p16d_response_awareness_quality.py",True,0,"test file without app reference"
LEGACY_REVIEW,"tests/test_p16e_limited_response_modification.py",True,0,"test file without app reference"
LEGACY_REVIEW,"tests/test_p16f_response_modification_safety_gate.py",True,0,"test file without app reference"
LEGACY_REVIEW,"tests/test_p16g_controlled_response_shadow.py",True,0,"test file without app reference"
LEGACY_REVIEW,"tests/test_p16h_response_shadow_observation.py",True,0,"test file without app reference"
LEGACY_REVIEW,"tests/test_p17_eldora_value_proof.py",True,0,"test file without app reference"
LEGACY_REVIEW,"tests/test_p17b_human_review.py",True,0,"test file without app reference"
LEGACY_REVIEW,"tests/test_p17c_review_decision_aggregation.py",True,0,"test file without app reference"
LEGACY_REVIEW,"tests/test_p17x_causality_research_runtime.py",True,0,"test file without app reference"
LEGACY_REVIEW,"tests/test_p18_conversational_execution.py",True,0,"test file without app reference"
LEGACY_REVIEW,"tests/test_p18b_runtime_hook.py",True,0,"test file without app reference"
LEGACY_REVIEW,"tests/test_p18c_shadow_diff.py",True,0,"test file without app reference"
LEGACY_REVIEW,"tests/test_p18d_selection_gate.py",True,0,"test file without app reference"
LEGACY_REVIEW,"tests/test_p18f_pilot_flags.py",True,0,"test file without app reference"
LEGACY_REVIEW,"tests/test_p18g_internal_pilot.py",True,0,"test file without app reference"
LEGACY_REVIEW,"tests/test_p19a_1_improved_conversation.py",True,0,"test file without app reference"
LEGACY_REVIEW,"tests/test_p19a_3_failure_fixes.py",True,0,"test file without app reference"
DANGEROUS_TO_TOUCH,"tests/test_p19a_whatsapp_real_traffic_eval.py",True,0,"runtime/router/provider/forensic marker"
LEGACY_REVIEW,"tests/test_p19p11_fast_return_bypass.py",True,0,"test file without app reference"
ACTIVE_CORE,"tests/test_p19p16_confinement_domain_interceptor.py",True,0,"matches cognition/runtime core marker"
LEGACY_REVIEW,"tests/test_p19p28k_contextual_fitness.py",True,0,"test file without app reference"
LEGACY_REVIEW,"tests/test_p19p2_automotive_part_purchase_guard.py",True,0,"test file without app reference"
ACTIVE_CORE,"tests/test_p19p37e_self_reflection_engine.py",True,0,"matches cognition/runtime core marker"
LEGACY_REVIEW,"tests/test_p19p3_safe_runtime_hook.py",True,0,"test file without app reference"
LEGACY_REVIEW,"tests/test_p19p5_automotive_router_correction.py",True,0,"test file without app reference"
DANGEROUS_TO_TOUCH,"tests/test_p19p5_whatsapp_final_guard_only.py",True,0,"runtime/router/provider/forensic marker"
DANGEROUS_TO_TOUCH,"tests/test_p19p6_whatsapp_followup_expansion.py",True,0,"runtime/router/provider/forensic marker"
LEGACY_REVIEW,"tests/test_p19p7_context_memory_followup_expansion.py",True,0,"test file without app reference"
LEGACY_REVIEW,"tests/test_p19p8_generic_restart_suppression.py",True,0,"test file without app reference"
DANGEROUS_TO_TOUCH,"tests/test_p19p9_universal_whatsapp_output_guard.py",True,0,"runtime/router/provider/forensic marker"
LEGACY_REVIEW,"tests/test_p19p_automotive_execution_bias_guard.py",True,0,"test file without app reference"
CONNECTED_SUPPORT,"tests/test_p2071_2080_realtime_paper_runtime.py",True,1,"referenced by app code: 1"
LEGACY_REVIEW,"tests/test_p2071_2080b_repair.py",True,0,"test file without app reference"
CONNECTED_SUPPORT,"tests/test_p2081_2090_realtime_portfolio_governance.py",True,1,"referenced by app code: 1"
CONNECTED_SUPPORT,"tests/test_p2091_2100_realtime_intelligence_layer.py",True,1,"referenced by app code: 1"
CONNECTED_SUPPORT,"tests/test_p2101_2110_autonomous_paper_operations.py",True,1,"referenced by app code: 1"
CONNECTED_SUPPORT,"tests/test_p2111_2120_maximum_technical_capacity.py",True,1,"referenced by app code: 1"
LEGACY_REVIEW,"tests/test_p2121_plus_continuous_max_capacity_audit.py",True,0,"test file without app reference"
LEGACY_REVIEW,"tests/test_p2131_2150_ftmo_paper_compliance_assurance.py",True,0,"test file without app reference"
LEGACY_REVIEW,"tests/test_p2151_plus_readiness_dossier_gate_review.py",True,0,"test file without app reference"
LEGACY_REVIEW,"tests/test_p2223_broker_emulator.py",True,0,"test file without app reference"
LEGACY_REVIEW,"tests/test_p2224_2226_core.py",True,0,"test file without app reference"
LEGACY_REVIEW,"tests/test_p2227_2229.py",True,0,"test file without app reference"
ACTIVE_CORE,"tests/test_p445m_maintenance_checklist.py",True,0,"matches cognition/runtime core marker"
DANGEROUS_TO_TOUCH,"tests/test_p463k_memory_whatsapp_contract.py",True,0,"runtime/router/provider/forensic marker"
LEGACY_REVIEW,"tests/test_p464d_memory_quarantine_manifest.py",True,0,"test file without app reference"
LEGACY_REVIEW,"tests/test_p465d_semantic_retrieval_bridge.py",True,0,"test file without app reference"
LEGACY_REVIEW,"tests/test_p465g_retrieval_failsafe.py",True,0,"test file without app reference"
LEGACY_REVIEW,"tests/test_p465o_composite_retrieval_answer.py",True,0,"test file without app reference"
LEGACY_REVIEW,"tests/test_p472b_capability_recovery_bridge.py",True,0,"test file without app reference"
LEGACY_REVIEW,"tests/test_p472c_capability_pipeline_aux.disabled",True,0,"test file without app reference"
LEGACY_REVIEW,"tests/test_p473b_ready_capability_bridge.py",True,0,"test file without app reference"
LEGACY_REVIEW,"tests/test_p474a_capability_orchestrator.py",True,0,"test file without app reference"
LEGACY_REVIEW,"tests/test_p474b_orchestrator_diagnostic_mode.py",True,0,"test file without app reference"
LEGACY_REVIEW,"tests/test_p474c_orchestrator_diagnostic_runner.py",True,0,"test file without app reference"
LEGACY_REVIEW,"tests/test_p474d_capability_usage_ledger.py",True,0,"test file without app reference"
LEGACY_REVIEW,"tests/test_p474e_capability_effectiveness.py",True,0,"test file without app reference"
LEGACY_REVIEW,"tests/test_p475_universal_capability_registry.py",True,0,"test file without app reference"
LEGACY_REVIEW,"tests/test_p476_drive_capability_absorption.py",True,0,"test file without app reference"
LEGACY_REVIEW,"tests/test_p477_drive_processed_queue.py",True,0,"test file without app reference"
LEGACY_REVIEW,"tests/test_p478_batch_drive_processor.py",True,0,"test file without app reference"
LEGACY_REVIEW,"tests/test_p479_knowledge_extraction_engine.py",True,0,"test file without app reference"
LEGACY_REVIEW,"tests/test_p480_capability_reconstruction_planner.py",True,0,"test file without app reference"
LEGACY_REVIEW,"tests/test_p481_runtime_review_queue.py",True,0,"test file without app reference"
LEGACY_REVIEW,"tests/test_p482_runtime_prioritization.py",True,0,"test file without app reference"
LEGACY_REVIEW,"tests/test_p483_safe_code_generation_gate.py",True,0,"test file without app reference"
LEGACY_REVIEW,"tests/test_p484_capability_reconstruction_engine.py",True,0,"test file without app reference"
LEGACY_REVIEW,"tests/test_p485_drive_knowledge_graph.py",True,0,"test file without app reference"
LEGACY_REVIEW,"tests/test_p486_orphan_recovery_engine.py",True,0,"test file without app reference"
LEGACY_REVIEW,"tests/test_p487_capability_merge_engine.py",True,0,"test file without app reference"
LEGACY_REVIEW,"tests/test_p488_technical_gap_detector.py",True,0,"test file without app reference"
LEGACY_REVIEW,"tests/test_p489_full_repository_intelligence.py",True,0,"test file without app reference"
LEGACY_REVIEW,"tests/test_p489a_file_ingestion_pipeline.py",True,0,"test file without app reference"
LEGACY_REVIEW,"tests/test_p489b2_routing_safety_audit.py",True,0,"test file without app reference"
LEGACY_REVIEW,"tests/test_p489b_safe_physical_file_routing.py",True,0,"test file without app reference"
LEGACY_REVIEW,"tests/test_p489c_limited_routing_execution.py",True,0,"test file without app reference"
LEGACY_REVIEW,"tests/test_p489d_post_routing_validation.py",True,0,"test file without app reference"
LEGACY_REVIEW,"tests/test_p489e_multi_extension_file_reader.py",True,0,"test file without app reference"
LEGACY_REVIEW,"tests/test_p489f_content_extraction_to_knowledge.py",True,0,"test file without app reference"
LEGACY_REVIEW,"tests/test_p489g_unknown_extension_classifier.py",True,0,"test file without app reference"
LEGACY_REVIEW,"tests/test_p489h_specialized_parser_backlog.py",True,0,"test file without app reference"
LEGACY_REVIEW,"tests/test_p489i_specialized_parser_plan.py",True,0,"test file without app reference"
LEGACY_REVIEW,"tests/test_p489j_file_intelligence_expansion_plan.py",True,0,"test file without app reference"
LEGACY_REVIEW,"tests/test_p490_sovereign_certification.py",True,0,"test file without app reference"
LEGACY_REVIEW,"tests/test_p491_idea_comprehension_depth_match.py",True,0,"test file without app reference"
LEGACY_REVIEW,"tests/test_p491b_zip_archive_reader_extractor.py",True,0,"test file without app reference"
LEGACY_REVIEW,"tests/test_p491e2_drive_absorption_resilient_audit.py",True,0,"test file without app reference"
LEGACY_REVIEW,"tests/test_p491e_continuous_drive_absorption_engine.py",True,0,"test file without app reference"
LEGACY_REVIEW,"tests/test_p491f2_drive_scan_monitor.py",True,0,"test file without app reference"
LEGACY_REVIEW,"tests/test_p491f3_drive_scan_monitor_ascii_safe.py",True,0,"test file without app reference"
LEGACY_REVIEW,"tests/test_p491f_drive_recursive_paged_inventory.py",True,0,"test file without app reference"
LEGACY_REVIEW,"tests/test_p55a_bovine_sports_genetics.py",True,0,"test file without app reference"
LEGACY_REVIEW,"tests/test_p55b_bull_web_absorption.py",True,0,"test file without app reference"
LEGACY_REVIEW,"tests/test_p55c_supabase_ingestion_writer.py",True,0,"test file without app reference"
LEGACY_REVIEW,"tests/test_p55d_deduplicated_evidence_writer.py",True,0,"test file without app reference"
LEGACY_REVIEW,"tests/test_p55e_source_queue_seeds.py",True,0,"test file without app reference"
LEGACY_REVIEW,"tests/test_p55f_bull_candidate_ingestion.py",True,0,"test file without app reference"
LEGACY_REVIEW,"tests/test_p55g_pedigree_edge_ingestion.py",True,0,"test file without app reference"
LEGACY_REVIEW,"tests/test_p55h_media_event_ingestion.py",True,0,"test file without app reference"
LEGACY_REVIEW,"tests/test_p55i_biomechanics_score_engine.py",True,0,"test file without app reference"
LEGACY_REVIEW,"tests/test_p55j_digital_judge_score_engine.py",True,0,"test file without app reference"
LEGACY_REVIEW,"tests/test_p55k_valuation_engine.py",True,0,"test file without app reference"
LEGACY_REVIEW,"tests/test_p55l_executive_decision_api.py",True,0,"test file without app reference"
LEGACY_REVIEW,"tests/test_p55m1_valuation_dedup_cleaner.py",True,0,"test file without app reference"
LEGACY_REVIEW,"tests/test_p55m_identity_merge_resolver.py",True,0,"test file without app reference"
LEGACY_REVIEW,"tests/test_p55n_fastapi_routes.py",True,0,"test file without app reference"
LEGACY_REVIEW,"tests/test_p55o_audit_endpoint.py",True,0,"test file without app reference"
LEGACY_REVIEW,"tests/test_p55p_global_web_absorption_runtime.py",True,0,"test file without app reference"
LEGACY_REVIEW,"tests/test_p55q_worker_fetch_parse.py",True,0,"test file without app reference"
LEGACY_REVIEW,"tests/test_p55r_claim_to_entity_promoter.py",True,0,"test file without app reference"
LEGACY_REVIEW,"tests/test_p55s_source_expansion_autopilot.py",True,0,"test file without app reference"
LEGACY_REVIEW,"tests/test_p55t_real_fetcher_search_connector.py",True,0,"test file without app reference"
LEGACY_REVIEW,"tests/test_p55u_real_result_claim_extractor.py",True,0,"test file without app reference"
LEGACY_REVIEW,"tests/test_p55v_pedigree_extractor.py",True,0,"test file without app reference"
LEGACY_REVIEW,"tests/test_p55w_video_metadata_extractor.py",True,0,"test file without app reference"
LEGACY_REVIEW,"tests/test_p55x1_fake_animal_cleaner.py",True,0,"test file without app reference"
LEGACY_REVIEW,"tests/test_p55x2_human_family_name_cleaner.py",True,0,"test file without app reference"
LEGACY_REVIEW,"tests/test_p55x3_org_fragment_cleaner.py",True,0,"test file without app reference"
LEGACY_REVIEW,"tests/test_p55x4_strict_animal_name_normalizer.py",True,0,"test file without app reference"
LEGACY_REVIEW,"tests/test_p55x5_final_phrase_cleaner.py",True,0,"test file without app reference"
LEGACY_REVIEW,"tests/test_p55x6_cross_duplicate_cleaner.py",True,0,"test file without app reference"
LEGACY_REVIEW,"tests/test_p55x_genetic_graph_builder.py",True,0,"test file without app reference"
LEGACY_REVIEW,"tests/test_p55y_country_comparator.py",True,0,"test file without app reference"
LEGACY_REVIEW,"tests/test_p55z_executive_snapshot.py",True,0,"test file without app reference"
LEGACY_REVIEW,"tests/test_p56b2_real_cv_pipeline.py",True,0,"test file without app reference"
LEGACY_REVIEW,"tests/test_p56b3_video_web_discovery_queue.py",True,0,"test file without app reference"
LEGACY_REVIEW,"tests/test_p56b4_youtube_acquisition_engine.py",True,0,"test file without app reference"
LEGACY_REVIEW,"tests/test_p56b4a_duration_filter.py",True,0,"test file without app reference"
LEGACY_REVIEW,"tests/test_p56b5_judge_real_biomechanics_binder.py",True,0,"test file without app reference"
LEGACY_REVIEW,"tests/test_p56b5_youtube_url_resolver.py",True,0,"test file without app reference"
LEGACY_REVIEW,"tests/test_p56b6_real_valuation_binder.py",True,0,"test file without app reference"
LEGACY_REVIEW,"tests/test_p56b7_real_ranking_api.py",True,0,"test file without app reference"
LEGACY_REVIEW,"tests/test_p56b8_real_country_ranking_recalculator.py",True,0,"test file without app reference"
LEGACY_REVIEW,"tests/test_p56b_video_computer_vision_engine.py",True,0,"test file without app reference"
LEGACY_REVIEW,"tests/test_p56c_pedigree_source_validation.py",True,0,"test file without app reference"
LEGACY_REVIEW,"tests/test_p56d1_market_price_dedup_validator.py",True,0,"test file without app reference"
LEGACY_REVIEW,"tests/test_p56d_market_valuation_real_prices.py",True,0,"test file without app reference"
LEGACY_REVIEW,"tests/test_p56f1_animal_discovery_engine.py",True,0,"test file without app reference"
LEGACY_REVIEW,"tests/test_p56f1a_strict_candidate_filter.py",True,0,"test file without app reference"
LEGACY_REVIEW,"tests/test_p56f2_database_sanitizer.py",True,0,"test file without app reference"
LEGACY_REVIEW,"tests/test_p56f_autonomous_video_discovery_loop.py",True,0,"test file without app reference"
LEGACY_REVIEW,"tests/test_p7_integration_guardrails.py",True,0,"test file without app reference"
LEGACY_REVIEW,"tests/test_p7_isolated_adapters.py",True,0,"test file without app reference"
LEGACY_REVIEW,"tests/test_p8_12_planner_active_policy.py",True,0,"test file without app reference"
LEGACY_REVIEW,"tests/test_p8_15_real_planner.py",True,0,"test file without app reference"
LEGACY_REVIEW,"tests/test_p8_19_planner_sandbox.py",True,0,"test file without app reference"
LEGACY_REVIEW,"tests/test_p8_23_consumption_contract.py",True,0,"test file without app reference"
LEGACY_REVIEW,"tests/test_p8_shadow_implementation.py",True,0,"test file without app reference"
LEGACY_REVIEW,"tests/test_p9_runtime_consumption.py",True,0,"test file without app reference"